placa,modelo,localizacao
BRT-8598,Toyota Corolla,52087070512
ROX-1088,Chevrolet Tracker,52087070522
CYK-2283,Renault Kwid,52087070534
LBR-3070,Volkswagen Golf,52087070503
IAC-4199,Toyota Corolla,52087070504
KVR-4840,Volkswagen Golf,52087070545
VZA-3550,Hyundai Tucson,52087070512
MDG-1494,Fiat Toro,52087070541
BTW-7853,Ford Fiesta,52087070538
ASV-1168,Hyundai Tucson,52087070517
XYP-9163,Ford Fiesta,52087070535
HCX-1789,Audi A3,52087070556
HOK-7356,Jeep Renegade,52087070503
DLV-4757,Toyota Hilux,52087070515
AWT-3977,Jeep Compass,52087070560
OOP-6269,Toyota Corolla,52087070508
JXQ-8712,Honda HR-V,52087070520
HTZ-4963,Volkswagen T-Cross,52087070551
BFW-4413,Hyundai Tucson,52087070560
UYB-2959,Toyota Corolla,52087070526
BHZ-1075,Ford Fiesta,52087070554
UEB-9260,Volkswagen T-Cross,52087070502
CWZ-7337,Nissan Kicks,52087070549
CPN-5358,Volkswagen Golf,52087070521
JLI-3468,Renault Kwid,52087070502
JGA-7738,Fiat Toro,52087070521
TCC-6354,Mitsubishi L200,52087070543
EFU-6086,Jeep Compass,52087070549
VCE-5942,Audi A3,52087070539
HFV-4353,Honda HR-V,52087070531
RXS-6693,Ford Mustang,52087070511
GSM-8243,Ford Fiesta,52087070529
PNL-5641,Chevrolet Tracker,52087070532
SFG-7369,Jeep Renegade,52087070545
CUH-1863,Mitsubishi L200,52087070507
JHN-4453,Chevrolet Cruze,52087070517
CQT-3486,BMW 320i,52087070523
ZQN-2821,Jeep Renegade,52087070529
NCY-4245,Chevrolet Tracker,52087070528
AYK-3528,Jeep Renegade,52087070517
FXU-8797,Fiat Toro,52087070538
FAK-2088,Chevrolet Cruze,52087070563
UIY-6647,Honda Civic,52087070510
NHK-3141,Renault Kwid,52087070517
XDJ-4922,Chevrolet Cruze,52087070551
QLH-0394,Hyundai Tucson,52087070543
ORC-9380,Kia Seltos,52087070505
MEY-0277,Fiat Toro,52087070512
YFW-2533,Chevrolet Cruze,52087070545
AFM-4668,Ford Mustang,52087070559
HJR-2510,Honda Civic,52087070552
RUQ-6929,Renault Kwid,52087070516
DOM-9087,Hyundai Tucson,52087070527
URJ-9382,Audi A3,52087070539
ZMW-1112,Honda Civic,52087070518
UVU-7539,Audi A3,52087070514
DPV-1669,Jeep Renegade,52087070557
RTR-0082,Chevrolet Tracker,52087070516
OLT-7585,Hyundai Tucson,52087070530
ZDN-8315,Toyota Corolla,52087070562
CNL-0060,Jeep Compass,52087070511
RCT-8654,Chevrolet Tracker,52087070521
XXU-5543,Toyota Hilux,52087070544
HKK-4856,Nissan Kicks,52087070548
ZIR-4688,Volkswagen T-Cross,52087070556
SIV-5507,Mitsubishi L200,52087070560
DLD-8320,Nissan Kicks,52087070539
BBJ-9725,Jeep Renegade,52087070560
CJY-1112,Fiat Toro,52087070514
TVV-7386,Kia Seltos,52087070561
FOX-2991,Ford Fiesta,52087070545
XNU-6525,Honda HR-V,52087070522
RQM-4390,Chevrolet Cruze,52087070531
NNT-6607,Chevrolet Cruze,52087070560
QMK-8070,Toyota Corolla,52087070517
AIO-0662,Mitsubishi L200,52087070531
EEL-1290,Ford Fiesta,52087070559
YJG-3600,Toyota Corolla,52087070523
MGA-0589,Chevrolet Cruze,52087070519
CWV-0345,Honda Civic,52087070501
MHL-4760,Toyota Hilux,52087070540
PVP-3140,Jeep Compass,52087070525
YUQ-7295,Kia Seltos,52087070517
PKS-9212,Jeep Renegade,52087070523
YTX-3258,Chevrolet Tracker,52087070542
QPX-7796,Audi A3,52087070536
BKX-3339,Honda Civic,52087070503
HIZ-4612,Chevrolet Tracker,52087070525
SWM-7005,Chevrolet Cruze,52087070512
YBP-9147,Ford Fiesta,52087070556
HCF-5984,BMW 320i,52087070534
DJZ-3776,Volkswagen T-Cross,52087070534
CKW-7407,Mitsubishi L200,52087070501
WTR-0263,Honda HR-V,52087070523
XKA-6803,Honda Civic,52087070545
XYU-7239,Hyundai Tucson,52087070503
TIZ-2494,Mitsubishi L200,52087070562
BZH-1494,BMW 320i,52087070501
KHR-1014,Toyota Corolla,52087070515
WKM-5621,Ford Mustang,52087070550
VOH-3128,Fiat Toro,52087070561
EVE-4625,Renault Kwid,52087070533
YZA-5291,Toyota Corolla,52087070550
UBY-5859,Chevrolet Tracker,52087070508
CKJ-8242,Honda HR-V,52087070507
IEF-8060,Ford Mustang,52087070502
BDE-5002,Jeep Compass,52087070505
TAK-2424,Audi A3,52087070520
WYL-7595,Hyundai Tucson,52087070521
BPN-0886,Mitsubishi L200,52087070559
SUR-1341,Chevrolet Cruze,52087070541
MQS-7161,Volkswagen Golf,52087070510
CFM-6798,Jeep Renegade,52087070521
YPE-2935,Ford Mustang,52087070506
QAB-3357,BMW 320i,52087070501
HKS-8016,Chevrolet Cruze,52087070515
JOA-7051,Honda HR-V,52087070537
NMJ-2347,Ford Mustang,52087070504
TSJ-3501,Toyota Corolla,52087070528
VJU-4697,Ford Fiesta,52087070542
QIA-9189,Nissan Kicks,52087070561
OYR-3148,Chevrolet Tracker,52087070507
MCR-1813,Volkswagen Golf,52087070560
YJR-2830,Jeep Compass,52087070539
NWC-0489,Toyota Hilux,52087070518
RBT-2129,Hyundai Tucson,52087070537
YIQ-4903,Chevrolet Tracker,52087070514
FHR-1728,Toyota Corolla,52087070501
HBX-6111,BMW 320i,52087070526
MQA-3253,Honda Civic,52087070531
CWN-1352,Volkswagen Golf,52087070519
OSX-2904,Chevrolet Cruze,52087070560
HLY-0553,Volkswagen T-Cross,52087070524
GXT-2043,Volkswagen T-Cross,52087070514
VYJ-3907,Nissan Kicks,52087070519
HHV-3056,Hyundai Tucson,52087070518
CAG-5982,Honda HR-V,52087070515
HGR-1638,Renault Kwid,52087070539
LFV-2103,Jeep Renegade,52087070513
WRO-7787,Renault Kwid,52087070530
LCT-3970,Jeep Renegade,52087070522
ZMM-8040,Audi A3,52087070501
UWL-3379,Ford Mustang,52087070553
NXE-0623,Renault Kwid,52087070563
CTR-3920,Fiat Toro,52087070505
VLC-1779,BMW 320i,52087070512
WFV-2950,Audi A3,52087070536
WHW-0855,Chevrolet Tracker,52087070549
TCZ-6719,Fiat Toro,52087070533
SRN-5013,Nissan Kicks,52087070525
UFT-3499,Audi A3,52087070547
JEH-1667,BMW 320i,52087070502
SML-4495,Toyota Hilux,52087070527
SNY-0525,Audi A3,52087070528
XXJ-1653,Kia Seltos,52087070517
DZE-2207,Volkswagen T-Cross,52087070503
PIF-1060,Kia Seltos,52087070509
LLU-3991,Toyota Corolla,52087070545
BRD-0605,Fiat Toro,52087070534
AFA-9223,Honda Civic,52087070501
DSG-2746,Renault Kwid,52087070533
CEC-6778,Mitsubishi L200,52087070551
OBZ-8576,Nissan Kicks,52087070513
ZIG-9531,Honda HR-V,52087070555
UCL-5755,Volkswagen Golf,52087070543
LQY-0368,Ford Fiesta,52087070553
EZK-0297,BMW 320i,52087070555
GHR-2320,Toyota Hilux,52087070540
RZC-4664,Hyundai Tucson,52087070521
LHW-6370,Fiat Toro,52087070514
ZQZ-8448,Hyundai Tucson,52087070504
GKX-6328,Mitsubishi L200,52087070501
PDO-2982,Fiat Toro,52087070508
CWU-9582,BMW 320i,52087070562
BFH-7746,Toyota Corolla,52087070561
RZX-2480,Mitsubishi L200,52087070559
IBY-7002,Toyota Corolla,52087070532
AUT-9649,Honda Civic,52087070502
CQZ-3526,Volkswagen Golf,52087070518
OMU-9922,Chevrolet Cruze,52087070502
HXC-7634,Honda Civic,52087070551
TIK-6984,Chevrolet Cruze,52087070524
MCN-1824,Audi A3,52087070503
KAM-5464,Chevrolet Tracker,52087070559
FBY-5585,Fiat Toro,52087070550
HWJ-4241,Mitsubishi L200,52087070505
LIG-3113,Toyota Hilux,52087070558
FFC-8317,BMW 320i,52087070555
PED-3764,Jeep Renegade,52087070540
VQG-2354,Fiat Toro,52087070518
PRE-4393,Volkswagen Golf,52087070540
YZM-6908,Jeep Compass,52087070519
BMS-1792,Toyota Hilux,52087070541
ODI-8926,Jeep Compass,52087070502
HXE-2163,Hyundai Tucson,52087070514
WUE-6089,Toyota Hilux,52087070510
RTX-8052,Renault Kwid,52087070501
LMU-6142,Nissan Kicks,52087070510
UTJ-6357,Volkswagen T-Cross,52087070550
FSX-4277,Jeep Renegade,52087070547
MMT-1602,Chevrolet Tracker,52087070529
AYG-4457,Renault Kwid,52087070519
GWQ-1745,Chevrolet Tracker,52087070530
SOX-5289,Chevrolet Cruze,52087070538
WFX-7364,Honda Civic,52087070525
XIB-0726,Fiat Toro,52087070522
ZAK-2429,Ford Fiesta,52087070502
FGH-0696,Honda Civic,52087070503
FUY-0264,Hyundai Tucson,52087070560
UUU-3908,Chevrolet Cruze,52087070520
GLV-6788,Renault Kwid,52087070545
SAK-7174,Honda HR-V,52087070560
LBO-4848,Ford Fiesta,52087070531
WPJ-1603,Audi A3,52087070513
GBA-3441,Chevrolet Cruze,52087070558
QWM-5056,Hyundai Tucson,52087070548
PPL-8425,Honda Civic,52087070502
TKI-3640,Renault Kwid,52087070510
YRH-2104,Jeep Renegade,52087070531
LVL-2010,Chevrolet Tracker,52087070512
YYY-2264,Audi A3,52087070506
XDF-9418,BMW 320i,52087070530
BJL-6380,Honda HR-V,52087070501
VVI-4353,Hyundai Tucson,52087070532
TPB-8066,Toyota Corolla,52087070530
MWA-9681,Toyota Hilux,52087070541
TNA-0862,Ford Mustang,52087070549
XLC-2275,Mitsubishi L200,52087070536
QIW-8360,Renault Kwid,52087070513
GQF-2121,Jeep Renegade,52087070512
DTG-6181,Audi A3,52087070514
CJX-8921,Chevrolet Cruze,52087070522
EWR-5353,Chevrolet Tracker,52087070549
DZN-2109,BMW 320i,52087070514
VDL-6831,Renault Kwid,52087070507
PLD-5234,Chevrolet Tracker,52087070503
NUG-9094,Mitsubishi L200,52087070504
VZM-9528,Kia Seltos,52087070550
XKC-2487,Toyota Hilux,52087070557
BOT-1643,Toyota Corolla,52087070501
GAO-5762,Jeep Compass,52087070525
OWZ-9016,Nissan Kicks,52087070506
NVH-9332,Honda Civic,52087070508
DOL-9524,Renault Kwid,52087070522
PPP-7193,Honda Civic,52087070557
YRE-9171,Mitsubishi L200,52087070546
EFL-2252,Chevrolet Cruze,52087070520
YIN-1159,Ford Mustang,52087070548
QEW-9079,Renault Kwid,52087070519
IIV-5944,Renault Kwid,52087070558
EKU-4485,Toyota Hilux,52087070551
KJY-6711,Ford Mustang,52087070546
OWQ-1565,Audi A3,52087070515
DOB-3514,Mitsubishi L200,52087070533
DHY-0935,Ford Fiesta,52087070515
YBX-5466,Jeep Renegade,52087070542
XCL-6480,Nissan Kicks,52087070546
WXC-5962,Renault Kwid,52087070513
MKC-9483,Ford Fiesta,52087070502
GSD-9150,Fiat Toro,52087070543
GHX-3776,Chevrolet Tracker,52087070559
FRY-3760,Volkswagen T-Cross,52087070532
YFA-8680,Jeep Renegade,52087070501
ILE-4377,Chevrolet Cruze,52087070521
LZA-1872,Hyundai Tucson,52087070501
HSY-8708,Volkswagen Golf,52087070532
JDT-5674,Kia Seltos,52087070529
SHO-1481,Jeep Compass,52087070546
AXW-3937,Nissan Kicks,52087070513
SVX-6455,Volkswagen T-Cross,52087070502
XZS-3897,Ford Fiesta,52087070518
DFY-6793,Volkswagen T-Cross,52087070501
EWY-1293,Volkswagen Golf,52087070507
PQC-9231,Toyota Corolla,52087070509
BTW-2606,BMW 320i,52087070529
TXH-1377,Ford Mustang,52087070520
TVK-3833,Hyundai Tucson,52087070519
NLB-7927,Mitsubishi L200,52087070517
SNZ-0100,BMW 320i,52087070560
PAH-5649,Toyota Corolla,52087070515
XRA-0088,Ford Fiesta,52087070533
YEQ-7026,Mitsubishi L200,52087070518
CXC-1087,Fiat Toro,52087070551
IRP-7309,Audi A3,52087070538
TJP-3815,Honda Civic,52087070505
YHG-7212,Nissan Kicks,52087070508
BPK-9846,Renault Kwid,52087070548
JRH-9953,Toyota Hilux,52087070561
FTF-8965,Honda Civic,52087070539
EWZ-7528,Honda HR-V,52087070554
IWP-9901,Fiat Toro,52087070502
NTF-5597,Mitsubishi L200,52087070544
FWM-3503,Ford Mustang,52087070520
FFK-5187,Jeep Renegade,52087070501
VFI-8156,Audi A3,52087070563
OMV-6007,Ford Mustang,52087070514
WUZ-2734,Chevrolet Cruze,52087070563
YAZ-9503,Honda HR-V,52087070513
KDG-2335,Volkswagen T-Cross,52087070542
VWO-6081,Hyundai Tucson,52087070527
ICF-8650,Toyota Hilux,52087070506
ZMB-1854,Honda HR-V,52087070515
OLB-8261,Mitsubishi L200,52087070556
HPK-9530,Toyota Corolla,52087070528
ZDC-0324,Mitsubishi L200,52087070514
PRB-1326,Renault Kwid,52087070522
EHI-5453,Volkswagen Golf,52087070553
GOF-8981,Honda Civic,52087070515
WQY-6181,BMW 320i,52087070507
GDX-4546,Jeep Compass,52087070517
BHJ-4977,Honda Civic,52087070520
VWU-5688,Toyota Hilux,52087070539
CQQ-2696,Honda Civic,52087070507
WQN-4586,Jeep Renegade,52087070537
MGD-4997,Volkswagen Golf,52087070509
WRS-4414,Toyota Corolla,52087070557
IWN-7505,Fiat Toro,52087070561
LUG-0866,Hyundai Tucson,52087070555
MQQ-1605,Fiat Toro,52087070551
XQK-7682,Volkswagen Golf,52087070516
ZZL-2324,BMW 320i,52087070515
HVC-0600,Mitsubishi L200,52087070501
UMP-6845,Nissan Kicks,52087070543
LYH-9743,Honda HR-V,52087070540
PUI-5452,Audi A3,52087070514
ECW-5032,Hyundai Tucson,52087070539
FVL-0810,Toyota Hilux,52087070552
ZXC-1338,Toyota Corolla,52087070510
HCL-5805,Toyota Corolla,52087070538
JXM-3666,Ford Mustang,52087070527
AIS-8298,Jeep Compass,52087070544
ATV-4159,Renault Kwid,52087070549
JHG-0890,Chevrolet Cruze,52087070509
TLH-4964,Mitsubishi L200,52087070516
VNZ-6275,Chevrolet Cruze,52087070538
ANZ-6593,Ford Fiesta,52087070536
ACI-7414,Renault Kwid,52087070562
YSJ-7503,Chevrolet Tracker,52087070519
QGT-3780,Kia Seltos,52087070535
FDA-2910,Jeep Renegade,52087070520
IJG-7367,Nissan Kicks,52087070540
NPD-6369,Chevrolet Cruze,52087070515
LFC-2757,Ford Mustang,52087070529
EGN-4747,Volkswagen T-Cross,52087070542
IRV-4900,Honda Civic,52087070560
ALK-0218,Kia Seltos,52087070532
KDQ-8131,Honda HR-V,52087070558
CAF-2933,Volkswagen Golf,52087070522
TFH-4499,Toyota Corolla,52087070556
XIS-8837,Audi A3,52087070516
UFP-3545,Volkswagen T-Cross,52087070502
KCH-7082,Kia Seltos,52087070536
MNW-8631,Renault Kwid,52087070562
JXS-6120,Honda HR-V,52087070517
EQN-4646,Honda HR-V,52087070548
FPJ-8743,Chevrolet Cruze,52087070518
MLR-0414,Honda HR-V,52087070553
RNO-7986,Chevrolet Tracker,52087070541
DVN-9374,Jeep Renegade,52087070513
DMJ-9340,Kia Seltos,52087070559
IWE-9201,Chevrolet Tracker,52087070539
LHP-9831,Kia Seltos,52087070544
CAS-4182,Toyota Hilux,52087070524
AAY-9757,Toyota Hilux,52087070550
UDN-9586,Jeep Renegade,52087070512
LBV-6949,Toyota Hilux,52087070540
QRP-6878,Ford Mustang,52087070515
XFX-2873,Ford Mustang,52087070554
KVF-0000,Chevrolet Cruze,52087070514
FJX-5621,Ford Mustang,52087070559
HWX-5469,Toyota Hilux,52087070535
IQC-3791,Kia Seltos,52087070512
MKG-2988,Mitsubishi L200,52087070559
OLR-5594,Hyundai Tucson,52087070544
XUC-0135,Nissan Kicks,52087070549
CKP-4723,Renault Kwid,52087070501
SHT-0139,Kia Seltos,52087070551
SWS-8948,Toyota Hilux,52087070561
KEF-2408,Audi A3,52087070530
HQB-2897,Jeep Renegade,52087070518
AUD-7466,Toyota Hilux,52087070515
CVQ-1696,Honda Civic,52087070518
YMF-0390,BMW 320i,52087070538
HEL-2441,BMW 320i,52087070503
OKU-0332,Ford Fiesta,52087070533
WMU-1625,Mitsubishi L200,52087070557
GJC-8338,Honda Civic,52087070537
LVA-2803,Toyota Corolla,52087070503
ZRD-4902,Chevrolet Cruze,52087070503
QJJ-6762,Hyundai Tucson,52087070527
GFA-8603,Renault Kwid,52087070514
MLK-8840,Jeep Compass,52087070514
HDO-3965,Mitsubishi L200,52087070508
TWT-9821,Jeep Renegade,52087070563
PEU-3627,Fiat Toro,52087070536
VJR-1819,Jeep Compass,52087070511
PHT-2447,Renault Kwid,52087070514
NOI-2495,Audi A3,52087070538
YQM-8401,Volkswagen Golf,52087070524
LYT-5221,Honda Civic,52087070540
ZLX-5266,Renault Kwid,52087070538
DWZ-7465,Jeep Renegade,52087070538
QNC-9701,Hyundai Tucson,52087070558
NIC-2400,Honda HR-V,52087070521
VWZ-8056,Chevrolet Cruze,52087070524
XJA-4590,Honda HR-V,52087070561
KZC-9594,Honda HR-V,52087070555
GAJ-9627,Jeep Renegade,52087070505
ZQW-7145,Renault Kwid,52087070501
PZP-5438,Fiat Toro,52087070543
ZKY-5161,Mitsubishi L200,52087070542
RGP-7769,Audi A3,52087070525
PQP-9611,Volkswagen T-Cross,52087070548
EHE-2967,Volkswagen Golf,52087070531
LLE-4007,Hyundai Tucson,52087070502
LHB-9759,Kia Seltos,52087070528
LAG-0086,Kia Seltos,52087070530
ZIT-8473,Renault Kwid,52087070504
BYL-4663,Ford Mustang,52087070530
OTB-6980,Toyota Hilux,52087070503
NOH-4843,Hyundai Tucson,52087070547
RUV-8000,Jeep Compass,52087070525
DPU-4401,Honda HR-V,52087070522
DUQ-1372,Chevrolet Cruze,52087070545
NAV-3898,Chevrolet Cruze,52087070555
UYR-4264,Volkswagen Golf,52087070516
ENA-1583,Jeep Compass,52087070506
VZO-9833,Kia Seltos,52087070520
KTM-8443,Mitsubishi L200,52087070514
JYU-9920,Honda Civic,52087070502
VVM-5499,Kia Seltos,52087070517
WQB-2012,Mitsubishi L200,52087070526
UAW-0222,Honda HR-V,52087070553
HVS-2258,Volkswagen T-Cross,52087070524
NJO-4593,Ford Mustang,52087070520
TBK-5166,Toyota Hilux,52087070515
GCX-7998,Renault Kwid,52087070525
PNQ-8126,Ford Fiesta,52087070527
DXM-0583,Toyota Corolla,52087070514
WCX-2729,Nissan Kicks,52087070511
CWS-7769,Honda Civic,52087070504
SCR-1383,Honda HR-V,52087070507
LLZ-4482,Renault Kwid,52087070514
VZO-3279,Fiat Toro,52087070530
XNP-8014,Fiat Toro,52087070558
NZN-9882,Jeep Renegade,52087070527
EWD-8359,Ford Mustang,52087070559
GKL-6846,Hyundai Tucson,52087070519
TRU-7624,Hyundai Tucson,52087070542
COT-2190,Audi A3,52087070558
ORX-0263,Nissan Kicks,52087070505
LXP-1999,BMW 320i,52087070559
CKM-3284,Honda HR-V,52087070561
PMT-8943,Audi A3,52087070519
IVT-4048,Audi A3,52087070529
APP-7537,Chevrolet Tracker,52087070501
LNG-8975,Audi A3,52087070517
QSC-6708,Toyota Hilux,52087070531
KPV-2124,Jeep Renegade,52087070503
TIY-6532,Kia Seltos,52087070519
QTP-0957,Toyota Hilux,52087070528
GWD-3791,Kia Seltos,52087070503
QCN-2892,Chevrolet Cruze,52087070529
ILL-0117,Fiat Toro,52087070559
KAZ-8110,Volkswagen Golf,52087070526
XGW-7602,Renault Kwid,52087070503
NQK-4119,Honda Civic,52087070504
KRS-0401,Honda Civic,52087070542
GBL-3877,Volkswagen Golf,52087070505
KTV-6672,Toyota Corolla,52087070529
YYK-9743,Volkswagen Golf,52087070545
INF-9862,Honda Civic,52087070535
ICL-7814,Volkswagen Golf,52087070530
YTV-9516,Toyota Corolla,52087070547
EQG-4413,Kia Seltos,52087070514
SIP-6173,Ford Mustang,52087070558
EMO-6208,Fiat Toro,52087070539
NCV-8263,Mitsubishi L200,52087070529
VTO-6337,Chevrolet Cruze,52087070546
TZS-3901,Toyota Hilux,52087070552
DZT-3026,Hyundai Tucson,52087070526
LEL-0726,Chevrolet Tracker,52087070563
SDF-6950,Chevrolet Tracker,52087070551
MJK-5998,Kia Seltos,52087070560
KPY-4831,Ford Mustang,52087070503
NZM-7973,Audi A3,52087070507
NSN-6112,Jeep Compass,52087070550
OKH-7822,Ford Mustang,52087070536
HJP-6275,Mitsubishi L200,52087070544
YZM-3176,Jeep Compass,52087070503
EJF-1334,Fiat Toro,52087070557
FNG-1607,Nissan Kicks,52087070524
USC-5776,Fiat Toro,52087070544
DFM-5969,Chevrolet Cruze,52087070536
XOL-1305,Toyota Corolla,52087070549
LGW-3284,Honda HR-V,52087070525
BSW-3747,Chevrolet Tracker,52087070560
KPV-7807,Fiat Toro,52087070504
CUU-6910,Ford Mustang,52087070502
ARX-7555,Volkswagen Golf,52087070535
ZKA-7940,Ford Mustang,52087070545
NKP-7181,Honda Civic,52087070513
TMP-3397,Volkswagen T-Cross,52087070530
UEN-3944,Fiat Toro,52087070540
WWH-6877,Honda Civic,52087070526
EMD-4159,Jeep Compass,52087070529
URV-5810,Nissan Kicks,52087070519
LGP-3982,BMW 320i,52087070532
CTA-1538,Jeep Compass,52087070516
OHD-7124,Volkswagen T-Cross,52087070553
UUM-4786,Chevrolet Cruze,52087070533
SJE-5319,Volkswagen Golf,52087070534
AYC-8890,Mitsubishi L200,52087070542
LYZ-9878,Toyota Corolla,52087070520
SAG-7959,Renault Kwid,52087070557
RDZ-7306,Audi A3,52087070521
ZCS-8324,Toyota Hilux,52087070546
HPD-2333,Chevrolet Tracker,52087070505
SOV-3856,Chevrolet Tracker,52087070523
HCX-4320,Chevrolet Cruze,52087070538
XVD-7733,Hyundai Tucson,52087070513
WLD-7128,Ford Mustang,52087070518
FHP-5459,Jeep Renegade,52087070544
RPQ-4761,Chevrolet Cruze,52087070501
JUV-3911,Fiat Toro,52087070506
AZH-9122,Audi A3,52087070540
MZP-0400,Renault Kwid,52087070540
CMH-6350,Renault Kwid,52087070547
TWL-6978,Kia Seltos,52087070546
MKL-0213,Audi A3,52087070520
RDR-9108,Honda Civic,52087070508
MNT-6969,Volkswagen Golf,52087070510
MOJ-8078,Honda Civic,52087070552
JDL-6056,Nissan Kicks,52087070516
ZIL-2160,Chevrolet Cruze,52087070504
IVQ-6530,BMW 320i,52087070530
EUQ-4277,Ford Mustang,52087070512
FXK-0887,Volkswagen Golf,52087070548
SLP-9779,Volkswagen T-Cross,52087070512
DPF-2323,Chevrolet Tracker,52087070543
RWH-2906,Toyota Hilux,52087070530
MAD-3119,Mitsubishi L200,52087070543
IPE-9453,Volkswagen T-Cross,52087070517
BFG-2917,Volkswagen Golf,52087070563
QWA-8118,BMW 320i,52087070508
KWY-0971,Honda HR-V,52087070515
FMD-5830,Ford Mustang,52087070561
PFN-2728,Toyota Hilux,52087070535
PIA-4802,Honda Civic,52087070507
MTX-3328,Honda Civic,52087070545
ORF-0329,Hyundai Tucson,52087070514
SUU-2573,Volkswagen T-Cross,52087070544
IGO-5596,Audi A3,52087070515
LSS-4418,Toyota Corolla,52087070532
FDE-4027,Mitsubishi L200,52087070514
DCF-2248,Hyundai Tucson,52087070505
FFU-0042,BMW 320i,52087070501
BBH-4841,Ford Mustang,52087070510
BFQ-9427,Chevrolet Tracker,52087070536
PUX-8304,Honda Civic,52087070533
FZK-5728,Volkswagen T-Cross,52087070555
MLH-3566,Nissan Kicks,52087070545
SRV-7164,Ford Fiesta,52087070561
SMJ-6571,Chevrolet Cruze,52087070558
YJZ-0988,Fiat Toro,52087070532
NWK-2355,Chevrolet Tracker,52087070503
NUE-4594,Fiat Toro,52087070551
SGA-6661,Audi A3,52087070514
EEN-3025,Jeep Compass,52087070516
WHH-7548,Nissan Kicks,52087070502
MWR-6888,Toyota Corolla,52087070527
MDH-4069,Chevrolet Tracker,52087070537
QCK-8053,BMW 320i,52087070545
LKT-1719,Chevrolet Tracker,52087070544
TNW-2246,Hyundai Tucson,52087070502
XYK-9073,Honda HR-V,52087070506
PAL-5632,Toyota Corolla,52087070501
JOD-5285,Hyundai Tucson,52087070512
MMN-5273,Jeep Renegade,52087070554
PNG-6828,Toyota Hilux,52087070544
QHX-9846,Audi A3,52087070505
FLR-8327,BMW 320i,52087070507
YSK-4957,Jeep Compass,52087070515
YZI-5688,Renault Kwid,52087070513
UNG-5894,Renault Kwid,52087070555
WZR-9974,Toyota Hilux,52087070545
UWR-5282,Nissan Kicks,52087070510
LKL-2514,Mitsubishi L200,52087070538
AIZ-5787,Renault Kwid,52087070536
WCP-3712,Audi A3,52087070501
ZVX-2034,Jeep Compass,52087070518
JML-7222,Audi A3,52087070562
SSI-3993,Chevrolet Tracker,52087070530
QYX-0038,Chevrolet Tracker,52087070520
AXN-8562,Hyundai Tucson,52087070524
NAY-0471,Honda HR-V,52087070531
DZJ-2756,Nissan Kicks,52087070521
UVZ-3397,Nissan Kicks,52087070504
KRQ-3028,Renault Kwid,52087070518
BRW-1113,Chevrolet Cruze,52087070529
DRP-2221,Renault Kwid,52087070548
ZAB-9201,Honda HR-V,52087070545
BCP-3933,Nissan Kicks,52087070501
RBI-0411,Mitsubishi L200,52087070513
QDU-2409,Audi A3,52087070518
WKG-5027,Ford Fiesta,52087070535
ARS-8070,Kia Seltos,52087070510
LBP-2565,Mitsubishi L200,52087070532
WXA-9240,Jeep Renegade,52087070505
LSM-8834,Jeep Compass,52087070515
PGH-1861,Chevrolet Tracker,52087070512
UGJ-6294,Toyota Hilux,52087070527
VXU-7093,Jeep Compass,52087070553
XMO-4510,Honda Civic,52087070540
OGW-0562,Kia Seltos,52087070538
DRM-0714,Hyundai Tucson,52087070561
LAR-3378,Audi A3,52087070524
RXX-5576,Chevrolet Cruze,52087070541
XNE-7347,Ford Mustang,52087070514
LIW-6652,Toyota Corolla,52087070513
GKA-9434,Jeep Renegade,52087070503
YHQ-5250,BMW 320i,52087070535
TLF-3762,Jeep Renegade,52087070513
RFZ-3111,Honda HR-V,52087070533
STP-1161,Mitsubishi L200,52087070543
MXR-9335,Fiat Toro,52087070502
UWT-1491,Hyundai Tucson,52087070503
OFO-4690,Ford Fiesta,52087070511
DWO-8152,Jeep Compass,52087070509
QXU-5240,Ford Fiesta,52087070513
VAI-2259,Jeep Renegade,52087070529
QME-0782,Hyundai Tucson,52087070531
JCJ-5035,Nissan Kicks,52087070536
COF-1529,Nissan Kicks,52087070536
WOJ-8215,Honda HR-V,52087070558
ZQQ-1823,Mitsubishi L200,52087070514
DEU-2693,Volkswagen Golf,52087070511
UOF-4225,Renault Kwid,52087070547
CXP-8325,Ford Mustang,52087070533
GSL-0874,Honda Civic,52087070520
WGH-4668,Toyota Corolla,52087070501
SJE-4796,Jeep Renegade,52087070540
PHG-1863,Hyundai Tucson,52087070530
TMR-7617,Jeep Compass,52087070505
GBJ-4672,Audi A3,52087070502
WKN-1814,Toyota Corolla,52087070526
HLE-2403,Volkswagen Golf,52087070556
VLX-6078,BMW 320i,52087070511
RXC-2957,Mitsubishi L200,52087070550
HNA-6498,Toyota Hilux,52087070511
FLL-8641,Volkswagen T-Cross,52087070551
UMG-0823,Chevrolet Cruze,52087070536
LTQ-6614,Chevrolet Tracker,52087070509
XFL-8734,Volkswagen Golf,52087070524
BVU-8503,Volkswagen T-Cross,52087070526
OZG-5325,Chevrolet Tracker,52087070554
EIB-9185,Chevrolet Tracker,52087070521
UZB-3397,Ford Mustang,52087070558
SUM-7785,Chevrolet Cruze,52087070559
YFH-1351,Nissan Kicks,52087070517
TSB-1418,Chevrolet Cruze,52087070556
FQJ-0412,Kia Seltos,52087070560
IBR-0742,Hyundai Tucson,52087070538
MSP-8966,Fiat Toro,52087070544
XRT-2340,BMW 320i,52087070518
GMB-5420,Mitsubishi L200,52087070551
NEW-5100,Chevrolet Cruze,52087070547
WQT-7713,Hyundai Tucson,52087070503
FPD-6824,Chevrolet Cruze,52087070518
FZX-3538,Hyundai Tucson,52087070503
BLU-3069,Volkswagen T-Cross,52087070503
ZPI-9913,Fiat Toro,52087070521
GPA-7139,Honda Civic,52087070559
FVH-2271,Jeep Compass,52087070515
LYS-2744,Volkswagen Golf,52087070544
MMA-1687,BMW 320i,52087070540
RYA-9111,Volkswagen Golf,52087070520
KDG-9425,Toyota Corolla,52087070540
WPJ-1466,Ford Mustang,52087070511
YLF-6419,Chevrolet Cruze,52087070528
ZZC-0559,Volkswagen Golf,52087070540
JDS-0339,Renault Kwid,52087070526
XWV-8233,Toyota Corolla,52087070504
SLE-4424,Volkswagen Golf,52087070501
WBH-9126,Toyota Corolla,52087070518
LUW-7309,Kia Seltos,52087070519
UFB-5195,Hyundai Tucson,52087070518
PHS-4581,Honda Civic,52087070504
BZI-5818,Ford Mustang,52087070505
UFI-1831,Audi A3,52087070539
CGV-5009,Hyundai Tucson,52087070508
UUU-1497,Volkswagen Golf,52087070543
FPC-8935,Chevrolet Tracker,52087070516
BOR-4858,Nissan Kicks,52087070548
LHB-9944,Honda Civic,52087070508
XBV-4788,Chevrolet Tracker,52087070501
ZYH-7084,Fiat Toro,52087070549
SZL-5895,Toyota Corolla,52087070529
DUS-9505,Jeep Renegade,52087070538
MEC-1183,Ford Mustang,52087070549
ZIX-6372,Hyundai Tucson,52087070513
GNI-0067,Toyota Corolla,52087070560
XOI-4284,Kia Seltos,52087070510
BBE-5051,Fiat Toro,52087070535
IPO-2818,Honda HR-V,52087070551
BEM-9362,Volkswagen Golf,52087070501
DYJ-4720,BMW 320i,52087070503
NMF-9111,Ford Mustang,52087070503
BWA-0070,Renault Kwid,52087070501
RYS-8818,Toyota Hilux,52087070547
POK-4774,Fiat Toro,52087070541
DMQ-8691,Honda HR-V,52087070517
MKN-0014,Jeep Compass,52087070562
OVB-0682,Renault Kwid,52087070554
FAJ-6746,Hyundai Tucson,52087070503
LVT-2972,Fiat Toro,52087070549
SMT-5544,Chevrolet Tracker,52087070527
WXA-1844,Nissan Kicks,52087070548
MFZ-7848,Audi A3,52087070559
AKB-2775,Fiat Toro,52087070518
NQS-6335,Toyota Corolla,52087070519
KLT-7886,Kia Seltos,52087070558
BLV-0671,Jeep Renegade,52087070520
NXG-4701,Nissan Kicks,52087070505
PRO-7711,Jeep Compass,52087070552
MUT-0854,Fiat Toro,52087070508
BFS-0191,Kia Seltos,52087070504
KCT-0196,Nissan Kicks,52087070514
CTS-9108,Honda Civic,52087070513
WVD-9846,Nissan Kicks,52087070513
EAS-9335,Chevrolet Tracker,52087070563
ANM-7556,Fiat Toro,52087070560
GVB-6215,Toyota Hilux,52087070538
QSE-3074,Kia Seltos,52087070501
PMO-8641,Honda Civic,52087070544
SOS-3167,Chevrolet Tracker,52087070514
THG-4127,Volkswagen T-Cross,52087070526
OSO-6387,Ford Mustang,52087070513
KUP-2525,Nissan Kicks,52087070547
OUD-0566,Volkswagen Golf,52087070545
HDH-4396,Kia Seltos,52087070538
EQM-5991,Honda HR-V,52087070545
FVP-8555,Ford Mustang,52087070509
ALW-6424,Mitsubishi L200,52087070514
SFT-4053,Mitsubishi L200,52087070556
HYX-3237,Renault Kwid,52087070559
NAL-0043,Audi A3,52087070531
IMM-9958,Ford Mustang,52087070518
CWX-2322,Volkswagen Golf,52087070537
QAA-9382,Volkswagen Golf,52087070543
PAH-0027,Honda Civic,52087070559
PRE-3248,Kia Seltos,52087070530
EIK-0657,Audi A3,52087070531
DQW-8364,Volkswagen Golf,52087070515
XQM-2055,Fiat Toro,52087070514
EYF-7832,Renault Kwid,52087070525
JVI-7939,Jeep Compass,52087070552
DNT-4576,Fiat Toro,52087070549
NDW-3307,Jeep Renegade,52087070524
YSZ-9865,Kia Seltos,52087070509
PVF-8565,Fiat Toro,52087070525
TGX-3557,Audi A3,52087070522
RTM-1147,Toyota Corolla,52087070555
ATZ-8488,Honda HR-V,52087070562
YOM-9769,Toyota Corolla,52087070545
SEE-5955,Hyundai Tucson,52087070501
NGS-6541,Toyota Hilux,52087070508
WFB-5557,Chevrolet Tracker,52087070511
SMB-2872,Jeep Compass,52087070534
INC-1240,Hyundai Tucson,52087070513
RQX-1216,Kia Seltos,52087070502
FVT-5392,Chevrolet Tracker,52087070514
NEL-9311,Volkswagen T-Cross,52087070518
QFG-0861,Ford Fiesta,52087070507
FMI-5300,Volkswagen T-Cross,52087070501
FYI-0669,Jeep Renegade,52087070503
ADB-1666,Nissan Kicks,52087070521
BLI-0119,Ford Fiesta,52087070527
FZB-3419,BMW 320i,52087070514
ZUN-0104,Audi A3,52087070542
QUF-0163,Chevrolet Tracker,52087070537
DPX-5728,Ford Mustang,52087070502
LDB-6454,Toyota Corolla,52087070501
XLO-7703,Volkswagen Golf,52087070533
VGK-2710,Chevrolet Tracker,52087070538
KZQ-7976,Honda Civic,52087070519
MFC-5009,Hyundai Tucson,52087070519
PFG-3234,Honda HR-V,52087070507
XIE-1510,Volkswagen Golf,52087070504
TZR-0822,Nissan Kicks,52087070532
VEK-6507,Volkswagen T-Cross,52087070529
XFT-2275,Toyota Corolla,52087070501
PQY-4954,Ford Mustang,52087070521
VRN-4156,Honda HR-V,52087070510
CKS-4330,Jeep Renegade,52087070529
MCU-1933,Toyota Corolla,52087070558
DJZ-6820,Volkswagen T-Cross,52087070501
EAB-5949,Chevrolet Tracker,52087070512
QRD-3214,Mitsubishi L200,52087070519
OAQ-5271,Jeep Renegade,52087070531
WGC-5696,Mitsubishi L200,52087070515
VRB-3639,Ford Fiesta,52087070517
XYR-1794,Jeep Compass,52087070551
SVI-3298,Nissan Kicks,52087070518
JRI-8256,Kia Seltos,52087070560
EWJ-6590,Kia Seltos,52087070518
TDY-8456,Jeep Renegade,52087070538
XDK-9962,Honda Civic,52087070557
JPU-5962,Chevrolet Cruze,52087070519
SWR-9824,Toyota Hilux,52087070528
IFS-7417,Fiat Toro,52087070542
HJY-0554,Honda HR-V,52087070545
LAD-4232,Audi A3,52087070504
OLU-4342,Hyundai Tucson,52087070526
XIP-1926,Audi A3,52087070534
ZKA-0305,Volkswagen Golf,52087070518
EIA-1964,Chevrolet Tracker,52087070530
UHS-5824,Chevrolet Tracker,52087070521
LTJ-4011,Volkswagen Golf,52087070518
MPI-5690,Fiat Toro,52087070518
CJV-9068,Renault Kwid,52087070529
FAY-1336,Volkswagen T-Cross,52087070563
ONW-2929,Renault Kwid,52087070512
QGR-6637,Hyundai Tucson,52087070556
JFC-1623,Toyota Hilux,52087070530
UQX-4757,Audi A3,52087070508
CFI-0459,Chevrolet Cruze,52087070540
XVM-5737,Audi A3,52087070503
ADF-4071,Fiat Toro,52087070532
CCZ-2338,Ford Mustang,52087070518
OMO-6139,Fiat Toro,52087070561
HBM-0381,Jeep Renegade,52087070503
DUX-7052,Ford Mustang,52087070560
LCH-3661,Renault Kwid,52087070501
CPQ-9080,Jeep Compass,52087070518
JAC-9384,Jeep Compass,52087070539
AGB-3732,Fiat Toro,52087070537
RFX-9165,Toyota Hilux,52087070524
GTO-3056,Volkswagen T-Cross,52087070521
LVY-7011,BMW 320i,52087070554
JPX-5904,Toyota Hilux,52087070522
PNC-1256,Mitsubishi L200,52087070554
IDA-5385,Audi A3,52087070504
YJU-3390,Ford Mustang,52087070544
IIZ-6180,Jeep Renegade,52087070508
NCE-9053,Kia Seltos,52087070540
XWZ-4591,Mitsubishi L200,52087070560
JZG-8838,Jeep Compass,52087070504
LDU-8880,Kia Seltos,52087070504
VBV-5713,Honda HR-V,52087070528
QYG-2585,Nissan Kicks,52087070501
TAA-9114,Ford Fiesta,52087070536
BVJ-7970,Honda Civic,52087070530
GZC-6282,Audi A3,52087070538
PYK-2213,BMW 320i,52087070505
WHN-4492,Volkswagen T-Cross,52087070530
JFM-3932,Honda Civic,52087070563
JTT-4462,Renault Kwid,52087070535
FDL-7001,BMW 320i,52087070518
CJX-7573,Honda Civic,52087070518
ILD-9424,Honda HR-V,52087070515
VVC-6330,Chevrolet Tracker,52087070515
LXD-9174,Kia Seltos,52087070524
DEF-3101,Chevrolet Cruze,52087070508
YVY-9072,Fiat Toro,52087070508
UWX-3480,Chevrolet Cruze,52087070504
VBL-9131,Ford Mustang,52087070518
LLF-2447,Honda Civic,52087070530
QIE-3076,Chevrolet Cruze,52087070512
LDV-1767,Toyota Hilux,52087070528
CTW-1103,Chevrolet Tracker,52087070545
RSU-9302,Volkswagen T-Cross,52087070562
YDS-7145,Ford Fiesta,52087070518
OLV-6221,Chevrolet Cruze,52087070551
NZG-5924,Chevrolet Cruze,52087070518
KUJ-9822,Hyundai Tucson,52087070555
ROB-8010,Toyota Corolla,52087070558
ZXL-6386,Mitsubishi L200,52087070550
DRL-1689,Chevrolet Cruze,52087070556
DEY-7197,Audi A3,52087070515
LTT-0822,Hyundai Tucson,52087070535
GCC-7512,Fiat Toro,52087070558
YCR-7408,Jeep Compass,52087070552
PLP-6635,Audi A3,52087070542
GWP-6613,Volkswagen T-Cross,52087070533
LTD-2492,Chevrolet Cruze,52087070515
YGJ-7666,Chevrolet Cruze,52087070513
MBX-9846,Hyundai Tucson,52087070519
ISS-3846,Toyota Hilux,52087070548
VFN-2217,Volkswagen T-Cross,52087070526
SDG-1636,Ford Mustang,52087070543
PFR-4039,Volkswagen T-Cross,52087070527
BGH-8906,Honda HR-V,52087070504
RVH-5279,Toyota Hilux,52087070549
GVA-6619,Toyota Corolla,52087070512
MOO-9271,Chevrolet Tracker,52087070548
NCZ-3791,Volkswagen Golf,52087070512
WYJ-1480,Chevrolet Tracker,52087070532
XKK-1340,Volkswagen T-Cross,52087070556
GKG-9044,Hyundai Tucson,52087070503
JFT-3028,Renault Kwid,52087070543
OAS-0359,Renault Kwid,52087070503
KFN-2922,Honda HR-V,52087070514
CNU-1907,Renault Kwid,52087070552
VIE-0572,Hyundai Tucson,52087070518
MWQ-4242,Fiat Toro,52087070536
AVG-1047,Volkswagen T-Cross,52087070533
NUL-6138,Fiat Toro,52087070501
XDV-1176,Volkswagen T-Cross,52087070501
NPG-0723,Ford Fiesta,52087070556
OFA-8994,Audi A3,52087070508
IGJ-2467,Chevrolet Tracker,52087070505
TER-0636,Jeep Compass,52087070560
MYJ-0790,Honda Civic,52087070555
NLT-7795,Fiat Toro,52087070541
DSI-4433,Mitsubishi L200,52087070505
MPH-0446,Volkswagen T-Cross,52087070502
WXZ-1633,Honda Civic,52087070512
ECF-9259,Chevrolet Cruze,52087070546
WAJ-2089,Honda Civic,52087070554
IDK-5509,Audi A3,52087070516
IUP-5949,Volkswagen T-Cross,52087070514
JPT-0989,Chevrolet Tracker,52087070511
AZZ-5283,BMW 320i,52087070512
NMW-7701,Ford Fiesta,52087070546
QAD-6647,Toyota Hilux,52087070556
JMU-1178,Jeep Renegade,52087070512
CAU-1921,Nissan Kicks,52087070552
NVS-8488,Chevrolet Tracker,52087070515
LZP-6022,Renault Kwid,52087070561
GLC-8622,Volkswagen Golf,52087070547
UYU-8899,Chevrolet Cruze,52087070552
PUV-4176,Honda HR-V,52087070502
CRD-1549,Kia Seltos,52087070547
KBB-3654,Toyota Hilux,52087070528
UVP-2162,Volkswagen Golf,52087070559
EKS-6684,Kia Seltos,52087070561
TIL-1568,Toyota Corolla,52087070505
SSO-5598,Chevrolet Tracker,52087070531
RJF-1596,Nissan Kicks,52087070552
XPS-6997,Chevrolet Tracker,52087070563
RRQ-5452,Renault Kwid,52087070540
KDU-1224,Toyota Hilux,52087070506
SMQ-1339,Hyundai Tucson,52087070542
DWV-3498,Nissan Kicks,52087070535
FPF-5342,Honda HR-V,52087070520
DMP-6559,Volkswagen T-Cross,52087070556
EHU-5314,Fiat Toro,52087070547
GSG-1263,Volkswagen Golf,52087070545
MBA-3741,Jeep Compass,52087070519
XFY-6178,Jeep Compass,52087070505
BSE-6317,Volkswagen Golf,52087070512
FUE-5912,Toyota Hilux,52087070560
ZUY-7220,Volkswagen Golf,52087070553
OMX-4069,Mitsubishi L200,52087070541
VCH-3563,Toyota Hilux,52087070538
YED-3217,Fiat Toro,52087070542
HPR-5003,Renault Kwid,52087070520
QNH-9161,Fiat Toro,52087070503
YIJ-8195,Honda HR-V,52087070537
GSO-9304,Honda Civic,52087070549
VRZ-0931,Jeep Compass,52087070514
BPH-2214,Audi A3,52087070509
STM-5523,Chevrolet Cruze,52087070516
AJP-5031,Honda Civic,52087070552
NKQ-2731,Hyundai Tucson,52087070512
TPI-9582,BMW 320i,52087070536
CKT-7298,Kia Seltos,52087070547
PHX-7896,Fiat Toro,52087070529
HYT-2427,Mitsubishi L200,52087070536
GPY-3552,Volkswagen T-Cross,52087070503
BUG-4492,Honda HR-V,52087070520
LJP-0238,Ford Mustang,52087070519
XMD-1770,Ford Fiesta,52087070514
AWU-8095,Chevrolet Tracker,52087070559
JTV-2258,Chevrolet Tracker,52087070552
YJX-2531,Kia Seltos,52087070521
TBT-0637,Volkswagen T-Cross,52087070558
BUU-1776,Volkswagen T-Cross,52087070559
EQT-3894,Chevrolet Cruze,52087070528
PAT-2956,Toyota Corolla,52087070530
SYT-0804,Renault Kwid,52087070552
AWY-1559,Jeep Renegade,52087070521
SVK-6973,Volkswagen T-Cross,52087070513
MVE-0094,Ford Mustang,52087070528
MJV-1460,Ford Mustang,52087070533
RRA-7892,BMW 320i,52087070560
PPF-0271,Ford Mustang,52087070534
ZID-9516,Audi A3,52087070516
RRO-7744,Nissan Kicks,52087070535
TRW-6074,BMW 320i,52087070542
BLA-7788,Volkswagen T-Cross,52087070508
WVR-5713,Kia Seltos,52087070538
OGN-9281,Volkswagen Golf,52087070513
LYF-4011,Ford Mustang,52087070509
NCD-6247,Audi A3,52087070503
QJT-6015,Mitsubishi L200,52087070515
YCK-3682,Toyota Hilux,52087070541
HIO-0476,Volkswagen T-Cross,52087070504
ZLJ-1145,Volkswagen Golf,52087070550
